INSERT INTO USER_INFO (ID, CREATED_FROM, LAST_UPDATE, UUID, ACTIVE, EMAIL, FIRST_NAME, LAST_NAME) VALUES (1, '2018-04-10 16:33:47.367', '2018-04-10 16:33:47.367', '48a3b0d7-af93-409c-845a-0a51959878c9', TRUE, 'seebogado@gmail.com', 'Sebastian', 'Bogado');
INSERT INTO USER_INFO (ID, CREATED_FROM, LAST_UPDATE, UUID, ACTIVE, EMAIL, FIRST_NAME, LAST_NAME) VALUES (2, '2018-04-10 16:33:47.367', '2018-04-10 16:33:47.367', '48a3b0d7-af93-409c-845a-0a51959878ca', TRUE, 'sebastian.bogado@gmail.com', 'Emanuel', 'Bogado');
INSERT INTO LOAN (ID, CREATED_FROM, LAST_UPDATE, UUID, ACTIVE, TOTAL, USER_ID) VALUES (1, '2018-04-10 16:33:47.367', '2018-04-10 16:33:47.367', '48a3b0d7-af93-409c-845a-0a51959878c9', TRUE, 209845.43, 1);
INSERT INTO LOAN (ID, CREATED_FROM, LAST_UPDATE, UUID, ACTIVE, TOTAL, USER_ID) VALUES (2, '2018-04-10 16:33:47.367', '2018-04-10 16:33:47.367', '48a3b0d7-af93-409c-845a-0a51959878ca', TRUE, 209845.43, 1);
INSERT INTO LOAN (ID, CREATED_FROM, LAST_UPDATE, UUID, ACTIVE, TOTAL, USER_ID) VALUES (3, '2018-04-10 16:33:47.367', '2018-04-10 16:33:47.367', '48a3b0d7-af93-409c-845a-0a51959878cb', TRUE, 209845.43, 1);
INSERT INTO LOAN (ID, CREATED_FROM, LAST_UPDATE, UUID, ACTIVE, TOTAL, USER_ID) VALUES (4, '2018-04-10 16:33:47.367', '2018-04-10 16:33:47.367', '48a3b0d7-af93-409c-845a-0a51959878cc', TRUE, 209845.43, 1);
INSERT INTO LOAN (ID, CREATED_FROM, LAST_UPDATE, UUID, ACTIVE, TOTAL, USER_ID) VALUES (5, '2018-04-10 16:33:47.367', '2018-04-10 16:33:47.367', '48a3b0d7-af93-409c-845a-0a51959878cd', TRUE, 209845.43, 2);
INSERT INTO LOAN (ID, CREATED_FROM, LAST_UPDATE, UUID, ACTIVE, TOTAL, USER_ID) VALUES (6, '2018-04-10 16:33:47.367', '2018-04-10 16:33:47.367', '48a3b0d7-af93-409c-845a-0a51959878ce', TRUE, 209845.43, 2);
INSERT INTO LOAN (ID, CREATED_FROM, LAST_UPDATE, UUID, ACTIVE, TOTAL, USER_ID) VALUES (7, '2018-04-10 16:33:47.367', '2018-04-10 16:33:47.367', '48a3b0d7-af93-409c-845a-0a51959878cf', TRUE, 209845.43, 2);
INSERT INTO LOAN (ID, CREATED_FROM, LAST_UPDATE, UUID, ACTIVE, TOTAL, USER_ID) VALUES (8, '2018-04-10 16:33:47.367', '2018-04-10 16:33:47.367', '48a3b0d7-af93-409c-845a-0a51959878d0', TRUE, 209845.43, 2);
INSERT INTO USER_INFO_LOANS (USER_ID, LOANS_ID) VALUES (1, 1);
INSERT INTO USER_INFO_LOANS (USER_ID, LOANS_ID) VALUES (1, 2);
INSERT INTO USER_INFO_LOANS (USER_ID, LOANS_ID) VALUES (1, 3);
INSERT INTO USER_INFO_LOANS (USER_ID, LOANS_ID) VALUES (1, 4);
INSERT INTO USER_INFO_LOANS (USER_ID, LOANS_ID) VALUES (2, 5);
INSERT INTO USER_INFO_LOANS (USER_ID, LOANS_ID) VALUES (2, 6);
INSERT INTO USER_INFO_LOANS (USER_ID, LOANS_ID) VALUES (2, 7);
INSERT INTO USER_INFO_LOANS (USER_ID, LOANS_ID) VALUES (2, 8);